index,seriesId,TIME_PERIOD,OBS_VALUE
0,5300000005,1998,21.0
1,5300000005,2003,34.0
2,5300000005,2008,24.0
3,5300000005,2018,19.0
0,5300000025,1998,2.914
1,5300000025,2003,39.091
2,5300000025,2008,55.302
3,5300000025,2018,350.026
0,5300000035,1998,29.397
1,5300000035,2003,144.414
2,5300000035,2008,381.795
3,5300000035,2018,8651.804
0,5300000045,1998,20.395
1,5300000045,2003,103.771
2,5300000045,2008,202.051
3,5300000045,2018,3422.108
0,5300000095,1998,29.174
1,5300000095,2003,82.487
2,5300000095,2008,379.217
3,5300000095,2018,8649.804
0,5300000105,1998,14.202
1,5300000105,2003,52.524
2,5300000105,2008,175.868
3,5300000105,2018,3349.414
0,6207046219,2008/01,0.0
1,6207046219,2008/02,0.0
2,6207046219,2008/03,0.0
3,6207046219,2008/04,0.0
4,6207046219,2008/05,0.0
5,6207046219,2008/06,1.5
6,6207046219,2008/07,3.6
7,6207046219,2008/08,11.0
8,6207046219,2008/09,9.0
9,6207046219,2008/10,10.0
10,6207046219,2008/11,13.0
11,6207046219,2008/12,11.0
12,6207046219,2009/01,8.3
13,6207046219,2009/02,5.2
14,6207046219,2009/03,7.6
15,6207046219,2009/04,11.0
16,6207046219,2009/05,14.0
17,6207046219,2009/06,13.0
18,6207046219,2009/07,15.1
19,6207046219,2009/08,8.0
20,6207046219,2009/09,10.0
21,6207046219,2009/10,9.4
22,6207046219,2009/11,11.2
23,6207046219,2009/12,10.0
24,6207046219,2010/01,11.0
25,6207046219,2010/02,8.0
26,6207046219,2010/03,10.0
27,6207046219,2010/04,11.0
28,6207046219,2010/05,14.0
29,6207046219,2010/06,16.0
30,6207046219,2010/07,19.0
31,6207046219,2010/08,14.0
32,6207046219,2010/09,14.0
33,6207046219,2010/10,15.0
34,6207046219,2010/11,11.0
35,6207046219,2010/12,16.0
36,6207046219,2011/01,12.0
37,6207046219,2011/02,11.0
38,6207046219,2011/03,18.0
39,6207046219,2011/04,26.0
40,6207046219,2011/05,13.0
41,6207046219,2011/06,16.0
42,6207046219,2011/07,25.0
43,6207046219,2011/08,19.0
44,6207046219,2011/09,20.0
45,6207046219,2011/10,17.0
46,6207046219,2011/11,19.0
47,6207046219,2011/12,21.0
48,6207046219,2012/01,33.0
49,6207046219,2012/02,23.0
50,6207046219,2012/03,25.0
51,6207046219,2012/04,24.0
52,6207046219,2012/05,17.0
53,6207046219,2012/06,17.0
54,6207046219,2012/07,22.0
55,6207046219,2012/08,15.0
56,6207046219,2012/09,11.0
57,6207046219,2012/10,17.0
58,6207046219,2012/11,23.0
59,6207046219,2012/12,20.0
60,6207046219,2013/01,121.3
61,6207046219,2013/02,115.6
62,6207046219,2013/03,113.5
63,6207046219,2013/04,91.8
64,6207046219,2013/05,133.3
65,6207046219,2013/06,119.0
66,6207046219,2013/07,126.3
67,6207046219,2013/08,133.1
68,6207046219,2013/09,108.0
69,6207046219,2013/10,126.2
70,6207046219,2013/11,97.1
71,6207046219,2013/12,98.8
72,6207046219,2014/01,86.3
73,6207046219,2014/02,75.7
74,6207046219,2014/03,88.4
75,6207046219,2014/04,111.7
76,6207046219,2014/05,104.8
77,6207046219,2014/06,87.7
78,6207046219,2014/07,89.7
79,6207046219,2014/08,119.4
80,6207046219,2014/09,124.4
81,6207046219,2014/10,124.3
82,6207046219,2014/11,99.6
83,6207046219,2014/12,111.8
84,6207046219,2015/01,79.9
85,6207046219,2015/02,84.1
86,6207046219,2015/03,56.8
87,6207046219,2015/04,34.7
88,6207046219,2015/05,14.0
89,6207046219,2015/06,56.9
90,6207046219,2015/07,48.7
91,6207046219,2015/08,87.3
92,6207046219,2015/09,81.1
93,6207046219,2015/10,92.8
94,6207046219,2015/11,88.7
95,6207046219,2015/12,77.3
96,6207046219,2016/01,56.7
97,6207046219,2016/02,52.4
98,6207046219,2016/03,38.4
99,6207046219,2016/04,33.1
100,6207046219,2016/05,23.0
101,6207046219,2016/06,22.0
102,6207046219,2016/07,28.0
103,6207046219,2016/08,22.0
104,6207046219,2016/09,23.0
105,6207046219,2016/10,28.0
106,6207046219,2016/11,39.0
107,6207046219,2016/12,18.0
108,6207046219,2017/01,28.0
109,6207046219,2017/02,34.0
110,6207046219,2017/03,50.0
111,6207046219,2017/04,52.0
112,6207046219,2017/05,65.0
113,6207046219,2017/06,53.0
114,6207046219,2017/07,66.0
115,6207046219,2017/08,60.0
116,6207046219,2017/09,37.0
117,6207046219,2017/10,36.0
118,6207046219,2017/11,23.0
119,6207046219,2017/12,29.0
120,6207046219,2018/01,32.0
121,6207046219,2018/02,25.0
122,6207046219,2018/03,21.0
123,6207046219,2018/04,22.0
124,6207046219,2018/05,16.0
125,6207046219,2018/06,18.0
126,6207046219,2018/07,27.0
127,6207046219,2018/08,15.0
128,6207046219,2018/09,8.0
129,6207046219,2018/10,11.0
130,6207046219,2018/11,15.0
131,6207046219,2018/12,15.0
132,6207046219,2019/01,18.0
133,6207046219,2019/02,9.0
134,6207046219,2019/03,8.0
135,6207046219,2019/04,6.0
136,6207046219,2019/05,9.0
137,6207046219,2019/06,7.0
138,6207046219,2019/07,11.0
139,6207046219,2019/08,15.0
140,6207046219,2019/09,13.0
141,6207046219,2019/10,9.0
142,6207046219,2019/11,8.0
143,6207046219,2019/12,7.0
144,6207046219,2020/01,12.0
145,6207046219,2020/02,10.0
146,6207046219,2020/03,15.0
147,6207046219,2020/04,7.9
148,6207046219,2020/05,2.0
149,6207046219,2020/06,1.0
150,6207046219,2020/07,8.0
151,6207046219,2020/08,6.0
152,6207046219,2020/09,2.0
153,6207046219,2020/10,3.0
154,6207046219,2020/11,6.0
155,6207046219,2020/12,13.0
156,6207046219,2021/01,15.2
157,6207046219,2021/02,21.0
158,6207046219,2021/03,22.0
159,6207046219,2021/04,20.0
160,6207046219,2021/05,16.0
161,6207046219,2021/06,13.0
162,6207046219,2021/07,9.0
163,6207046219,2021/08,7.0
164,6207046219,2021/09,7.0
165,6207046219,2021/10,5.0
166,6207046219,2021/11,3.0
167,6207046219,2021/12,4.0
168,6207046219,2022/01,4.0
169,6207046219,2022/02,3.0
170,6207046219,2022/03,4.0
171,6207046219,2022/04,3.0
172,6207046219,2022/05,3.0
173,6207046219,2022/06,4.0
174,6207046219,2022/07,3.0
175,6207046219,2022/08,2.3
0,6207046220,2008/01,0.0
1,6207046220,2008/02,0.0
2,6207046220,2008/03,0.0
3,6207046220,2008/04,0.0
4,6207046220,2008/05,0.0
5,6207046220,2008/06,0.0
6,6207046220,2008/07,0.0
7,6207046220,2008/08,2029.0
8,6207046220,2008/09,1828.0
9,6207046220,2008/10,1928.0
10,6207046220,2008/11,2240.0
11,6207046220,2008/12,2033.0
12,6207046220,2009/01,467.0
13,6207046220,2009/02,489.0
14,6207046220,2009/03,464.0
15,6207046220,2009/04,2093.0
16,6207046220,2009/05,2386.0
17,6207046220,2009/06,2873.0
18,6207046220,2009/07,2450.0
19,6207046220,2009/08,2651.0
20,6207046220,2009/09,2763.0
21,6207046220,2009/10,2619.0
22,6207046220,2009/11,2704.0
23,6207046220,2009/12,2472.0
24,6207046220,2010/01,3214.0
25,6207046220,2010/02,2753.0
26,6207046220,2010/03,3241.0
27,6207046220,2010/04,2695.0
28,6207046220,2010/05,2910.0
29,6207046220,2010/06,3504.0
30,6207046220,2010/07,4037.0
31,6207046220,2010/08,3528.0
32,6207046220,2010/09,3118.0
33,6207046220,2010/10,3201.0
34,6207046220,2010/11,3069.0
35,6207046220,2010/12,2899.0
36,6207046220,2011/01,2815.0
37,6207046220,2011/02,2977.0
38,6207046220,2011/03,3439.0
39,6207046220,2011/04,3480.0
40,6207046220,2011/05,3580.0
41,6207046220,2011/06,3088.0
42,6207046220,2011/07,3553.0
43,6207046220,2011/08,3231.0
44,6207046220,2011/09,3206.0
45,6207046220,2011/10,2971.0
46,6207046220,2011/11,2986.0
47,6207046220,2011/12,2710.0
48,6207046220,2012/01,2499.0
49,6207046220,2012/02,2400.0
50,6207046220,2012/03,2981.0
51,6207046220,2012/04,2937.0
52,6207046220,2012/05,3076.0
53,6207046220,2012/06,3076.0
54,6207046220,2012/07,2212.0
55,6207046220,2012/08,1552.0
56,6207046220,2012/09,2071.0
57,6207046220,2012/10,2338.0
58,6207046220,2012/11,2514.0
59,6207046220,2012/12,2098.0
60,6207046220,2013/01,2285.0
61,6207046220,2013/02,2720.0
62,6207046220,2013/03,3162.0
63,6207046220,2013/04,2692.0
64,6207046220,2013/05,2693.0
65,6207046220,2013/06,2298.0
66,6207046220,2013/07,3083.0
67,6207046220,2013/08,2678.0
68,6207046220,2013/09,2241.0
69,6207046220,2013/10,2452.0
70,6207046220,2013/11,2824.0
71,6207046220,2013/12,2807.0
72,6207046220,2014/01,2711.0
73,6207046220,2014/02,1750.0
74,6207046220,2014/03,1978.0
75,6207046220,2014/04,2050.0
76,6207046220,2014/05,1853.0
77,6207046220,2014/06,2082.0
78,6207046220,2014/07,2468.0
79,6207046220,2014/08,2027.0
80,6207046220,2014/09,2244.0
81,6207046220,2014/10,2130.0
82,6207046220,2014/11,2008.0
83,6207046220,2014/12,2345.0
84,6207046220,2015/01,2793.0
85,6207046220,2015/02,2771.0
86,6207046220,2015/03,2859.0
87,6207046220,2015/04,2495.0
88,6207046220,2015/05,2495.0
89,6207046220,2015/06,2672.0
90,6207046220,2015/07,2141.0
91,6207046220,2015/08,2741.0
92,6207046220,2015/09,1680.0
93,6207046220,2015/10,2726.0
94,6207046220,2015/11,2742.0
95,6207046220,2015/12,2414.0
96,6207046220,2016/01,2575.0
97,6207046220,2016/02,2324.0
98,6207046220,2016/03,2340.0
99,6207046220,2016/04,2340.0
100,6207046220,2016/05,2270.0
101,6207046220,2016/06,1778.0
102,6207046220,2016/07,2334.0
103,6207046220,2016/08,2044.0
104,6207046220,2016/09,2317.0
105,6207046220,2016/10,1948.0
106,6207046220,2016/11,1876.0
107,6207046220,2016/12,1528.0
108,6207046220,2017/01,1809.0
109,6207046220,2017/02,1936.0
110,6207046220,2017/03,2715.0
111,6207046220,2017/04,1921.0
112,6207046220,2017/05,1993.0
113,6207046220,2017/06,1871.0
114,6207046220,2017/07,2267.0
115,6207046220,2017/08,1952.0
116,6207046220,2017/09,1807.0
117,6207046220,2017/10,2130.0
118,6207046220,2017/11,1757.0
119,6207046220,2017/12,1403.0
120,6207046220,2018/01,1475.0
121,6207046220,2018/02,1395.0
122,6207046220,2018/03,1462.0
123,6207046220,2018/04,2141.0
124,6207046220,2018/05,1701.0
125,6207046220,2018/06,1634.0
126,6207046220,2018/07,2271.0
127,6207046220,2018/08,1503.0
128,6207046220,2018/09,925.0
129,6207046220,2018/10,1128.0
130,6207046220,2018/11,1209.0
131,6207046220,2018/12,1195.0
132,6207046220,2019/01,1041.0
133,6207046220,2019/02,1041.0
134,6207046220,2019/03,983.0
135,6207046220,2019/04,1186.0
136,6207046220,2019/05,1610.0
137,6207046220,2019/06,1083.0
138,6207046220,2019/07,2280.0
139,6207046220,2019/08,1507.0
140,6207046220,2019/09,1450.0
141,6207046220,2019/10,1262.0
142,6207046220,2019/11,1319.0
143,6207046220,2019/12,1340.0
144,6207046220,2020/01,1630.0
145,6207046220,2020/02,1425.0
146,6207046220,2020/03,1426.0
147,6207046220,2020/04,1079.0
148,6207046220,2020/05,770.0
149,6207046220,2020/06,427.0
150,6207046220,2020/07,589.0
151,6207046220,2020/08,491.0
152,6207046220,2020/09,556.0
153,6207046220,2020/10,652.0
154,6207046220,2020/11,753.0
155,6207046220,2020/12,579.0
156,6207046220,2021/01,777.0
157,6207046220,2021/02,843.0
158,6207046220,2021/03,743.0
159,6207046220,2021/04,686.0
160,6207046220,2021/05,525.0
161,6207046220,2021/06,525.0
162,6207046220,2021/07,779.0
163,6207046220,2021/08,678.0
164,6207046220,2021/09,700.0
165,6207046220,2021/10,446.0
166,6207046220,2021/11,395.0
167,6207046220,2021/12,839.0
168,6207046220,2022/01,597.0
169,6207046220,2022/02,663.0
170,6207046220,2022/03,579.0
171,6207046220,2022/04,610.0
172,6207046220,2022/05,547.0
173,6207046220,2022/06,525.0
174,6207046220,2022/07,935.0
175,6207046220,2022/08,898.0
0,6207046221,2008/01,0.0
1,6207046221,2008/02,0.0
2,6207046221,2008/03,0.0
3,6207046221,2008/04,0.0
4,6207046221,2008/05,0.0
5,6207046221,2008/06,9.0
6,6207046221,2008/07,25.0
7,6207046221,2008/08,78.0
8,6207046221,2008/09,60.0
9,6207046221,2008/10,70.0
10,6207046221,2008/11,0.0
11,6207046221,2008/12,0.0
12,6207046221,2009/01,55.0
13,6207046221,2009/02,34.0
14,6207046221,2009/03,42.0
15,6207046221,2009/04,76.0
16,6207046221,2009/05,93.0
17,6207046221,2009/06,89.0
18,6207046221,2009/07,86.0
19,6207046221,2009/08,69.0
20,6207046221,2009/09,77.0
21,6207046221,2009/10,70.0
22,6207046221,2009/11,71.0
23,6207046221,2009/12,81.0
24,6207046221,2010/01,96.0
25,6207046221,2010/02,74.0
26,6207046221,2010/03,77.0
27,6207046221,2010/04,80.0
28,6207046221,2010/05,90.0
29,6207046221,2010/06,122.0
30,6207046221,2010/07,139.0
31,6207046221,2010/08,145.0
32,6207046221,2010/09,126.0
33,6207046221,2010/10,136.0
34,6207046221,2010/11,107.0
35,6207046221,2010/12,139.0
36,6207046221,2011/01,108.0
37,6207046221,2011/02,92.0
38,6207046221,2011/03,194.0
39,6207046221,2011/04,156.0
40,6207046221,2011/05,121.0
41,6207046221,2011/06,80.0
42,6207046221,2011/07,124.0
43,6207046221,2011/08,99.0
44,6207046221,2011/09,115.0
45,6207046221,2011/10,110.0
46,6207046221,2011/11,107.0
47,6207046221,2011/12,117.0
48,6207046221,2012/01,146.0
49,6207046221,2012/02,174.0
50,6207046221,2012/03,176.0
51,6207046221,2012/04,142.0
52,6207046221,2012/05,92.0
53,6207046221,2012/06,96.0
54,6207046221,2012/07,116.0
55,6207046221,2012/08,80.0
56,6207046221,2012/09,66.0
57,6207046221,2012/10,75.0
58,6207046221,2012/11,94.0
59,6207046221,2012/12,89.0
60,6207046221,2013/01,107.0
61,6207046221,2013/02,118.0
62,6207046221,2013/03,95.0
63,6207046221,2013/04,112.0
64,6207046221,2013/05,91.0
65,6207046221,2013/06,84.0
66,6207046221,2013/07,104.0
67,6207046221,2013/08,81.0
68,6207046221,2013/09,72.0
69,6207046221,2013/10,65.0
70,6207046221,2013/11,103.0
71,6207046221,2013/12,129.0
72,6207046221,2014/01,95.0
73,6207046221,2014/02,62.0
74,6207046221,2014/03,70.0
75,6207046221,2014/04,72.0
76,6207046221,2014/05,85.0
77,6207046221,2014/06,64.0
78,6207046221,2014/07,64.0
79,6207046221,2014/08,56.0
80,6207046221,2014/09,123.0
81,6207046221,2014/10,90.0
82,6207046221,2014/11,69.0
83,6207046221,2014/12,78.0
84,6207046221,2015/01,86.0
85,6207046221,2015/02,67.0
86,6207046221,2015/03,106.0
87,6207046221,2015/04,104.0
88,6207046221,2015/05,109.0
89,6207046221,2015/06,109.0
90,6207046221,2015/07,113.0
91,6207046221,2015/08,130.0
92,6207046221,2015/09,76.0
93,6207046221,2015/10,111.0
94,6207046221,2015/11,116.0
95,6207046221,2015/12,118.0
96,6207046221,2016/01,100.0
97,6207046221,2016/02,71.0
98,6207046221,2016/03,99.0
99,6207046221,2016/04,81.0
100,6207046221,2016/05,98.0
101,6207046221,2016/06,98.0
102,6207046221,2016/07,83.0
103,6207046221,2016/08,101.0
104,6207046221,2016/09,68.0
105,6207046221,2016/10,90.0
106,6207046221,2016/11,89.0
107,6207046221,2016/12,118.0
108,6207046221,2017/01,114.0
109,6207046221,2017/02,116.0
110,6207046221,2017/03,93.0
111,6207046221,2017/04,70.0
112,6207046221,2017/05,108.0
113,6207046221,2017/06,106.0
114,6207046221,2017/07,99.0
115,6207046221,2017/08,79.0
116,6207046221,2017/09,118.0
117,6207046221,2017/10,81.0
118,6207046221,2017/11,73.0
119,6207046221,2017/12,55.0
120,6207046221,2018/01,67.0
121,6207046221,2018/02,66.0
122,6207046221,2018/03,93.0
123,6207046221,2018/04,138.0
124,6207046221,2018/05,120.0
125,6207046221,2018/06,62.0
126,6207046221,2018/07,24.0
127,6207046221,2018/08,68.0
128,6207046221,2018/09,102.0
129,6207046221,2018/10,67.0
130,6207046221,2018/11,84.0
131,6207046221,2018/12,112.0
132,6207046221,2019/01,108.0
133,6207046221,2019/02,44.0
134,6207046221,2019/03,36.0
135,6207046221,2019/04,68.0
136,6207046221,2019/05,48.0
137,6207046221,2019/06,39.0
138,6207046221,2019/07,69.0
139,6207046221,2019/08,114.0
140,6207046221,2019/09,55.0
141,6207046221,2019/10,41.0
142,6207046221,2019/11,81.0
143,6207046221,2019/12,60.0
144,6207046221,2020/01,87.0
145,6207046221,2020/02,44.0
146,6207046221,2020/03,42.0
147,6207046221,2020/04,30.0
148,6207046221,2020/05,23.0
149,6207046221,2020/06,20.0
150,6207046221,2020/07,47.0
151,6207046221,2020/08,34.0
152,6207046221,2020/09,14.0
153,6207046221,2020/10,29.0
154,6207046221,2020/11,21.0
155,6207046221,2020/12,43.0
156,6207046221,2021/01,462.0
157,6207046221,2021/02,130.0
158,6207046221,2021/03,104.0
159,6207046221,2021/04,88.0
160,6207046221,2021/05,93.0
161,6207046221,2021/06,84.0
162,6207046221,2021/07,54.0
163,6207046221,2021/08,36.0
164,6207046221,2021/09,33.0
165,6207046221,2021/10,31.0
166,6207046221,2021/11,43.0
167,6207046221,2021/12,31.0
168,6207046221,2022/01,47.0
169,6207046221,2022/02,33.0
170,6207046221,2022/03,49.0
171,6207046221,2022/04,36.0
172,6207046221,2022/05,47.0
173,6207046221,2022/06,57.0
174,6207046221,2022/07,45.0
175,6207046221,2022/08,47.0
0,6207046224,2008/01,0.0
1,6207046224,2008/02,0.0
2,6207046224,2008/03,0.0
3,6207046224,2008/04,0.0
4,6207046224,2008/05,0.0
5,6207046224,2008/06,121.0
6,6207046224,2008/07,299.0
7,6207046224,2008/08,565.0
8,6207046224,2008/09,527.0
9,6207046224,2008/10,547.0
10,6207046224,2008/11,588.0
11,6207046224,2008/12,544.0
12,6207046224,2009/01,636.0
13,6207046224,2009/02,423.0
14,6207046224,2009/03,496.0
15,6207046224,2009/04,657.0
16,6207046224,2009/05,813.0
17,6207046224,2009/06,845.0
18,6207046224,2009/07,772.0
19,6207046224,2009/08,535.0
20,6207046224,2009/09,660.0
21,6207046224,2009/10,600.0
22,6207046224,2009/11,765.0
23,6207046224,2009/12,771.0
24,6207046224,2010/01,931.0
25,6207046224,2010/02,719.0
26,6207046224,2010/03,821.0
27,6207046224,2010/04,849.0
28,6207046224,2010/05,884.0
29,6207046224,2010/06,879.0
30,6207046224,2010/07,938.0
31,6207046224,2010/08,883.0
32,6207046224,2010/09,788.0
33,6207046224,2010/10,861.0
34,6207046224,2010/11,807.0
35,6207046224,2010/12,726.0
36,6207046224,2011/01,540.0
37,6207046224,2011/02,694.0
38,6207046224,2011/03,756.0
39,6207046224,2011/04,842.0
40,6207046224,2011/05,962.0
41,6207046224,2011/06,879.0
42,6207046224,2011/07,941.0
43,6207046224,2011/08,931.0
44,6207046224,2011/09,787.0
45,6207046224,2011/10,794.0
46,6207046224,2011/11,833.0
47,6207046224,2011/12,792.0
48,6207046224,2012/01,693.0
49,6207046224,2012/02,615.0
50,6207046224,2012/03,760.0
51,6207046224,2012/04,877.0
52,6207046224,2012/05,811.0
53,6207046224,2012/06,895.0
54,6207046224,2012/07,795.0
55,6207046224,2012/08,555.0
56,6207046224,2012/09,682.0
57,6207046224,2012/10,994.0
58,6207046224,2012/11,1025.0
59,6207046224,2012/12,839.0
60,6207046224,2013/01,848.0
61,6207046224,2013/02,955.0
62,6207046224,2013/03,978.0
63,6207046224,2013/04,795.0
64,6207046224,2013/05,725.0
65,6207046224,2013/06,739.0
66,6207046224,2013/07,1009.0
67,6207046224,2013/08,906.0
68,6207046224,2013/09,804.0
69,6207046224,2013/10,817.0
70,6207046224,2013/11,966.0
71,6207046224,2013/12,999.0
72,6207046224,2014/01,971.0
73,6207046224,2014/02,609.0
74,6207046224,2014/03,578.0
75,6207046224,2014/04,627.0
76,6207046224,2014/05,598.0
77,6207046224,2014/06,630.0
78,6207046224,2014/07,658.0
79,6207046224,2014/08,569.0
80,6207046224,2014/09,584.0
81,6207046224,2014/10,588.0
82,6207046224,2014/11,542.0
83,6207046224,2014/12,440.0
84,6207046224,2015/01,606.0
85,6207046224,2015/02,601.0
86,6207046224,2015/03,646.0
87,6207046224,2015/04,645.0
88,6207046224,2015/05,667.0
89,6207046224,2015/06,658.0
90,6207046224,2015/07,584.0
91,6207046224,2015/08,731.0
92,6207046224,2015/09,400.0
93,6207046224,2015/10,635.0
94,6207046224,2015/11,710.0
95,6207046224,2015/12,570.0
96,6207046224,2016/01,690.0
97,6207046224,2016/02,506.0
98,6207046224,2016/03,587.0
99,6207046224,2016/04,720.0
100,6207046224,2016/05,533.0
101,6207046224,2016/06,481.0
102,6207046224,2016/07,592.0
103,6207046224,2016/08,492.0
104,6207046224,2016/09,455.0
105,6207046224,2016/10,481.0
106,6207046224,2016/11,535.0
107,6207046224,2016/12,428.0
108,6207046224,2017/01,407.0
109,6207046224,2017/02,401.0
110,6207046224,2017/03,506.0
111,6207046224,2017/04,413.0
112,6207046224,2017/05,583.0
113,6207046224,2017/06,508.0
114,6207046224,2017/07,496.0
115,6207046224,2017/08,403.0
116,6207046224,2017/09,402.0
117,6207046224,2017/10,514.0
118,6207046224,2017/11,386.0
119,6207046224,2017/12,448.0
120,6207046224,2018/01,547.0
121,6207046224,2018/02,381.0
122,6207046224,2018/03,377.0
123,6207046224,2018/04,452.0
124,6207046224,2018/05,398.0
125,6207046224,2018/06,441.0
126,6207046224,2018/07,531.0
127,6207046224,2018/08,344.0
128,6207046224,2018/09,289.0
129,6207046224,2018/10,318.0
130,6207046224,2018/11,381.0
131,6207046224,2018/12,403.0
132,6207046224,2019/01,435.0
133,6207046224,2019/02,386.0
134,6207046224,2019/03,359.0
135,6207046224,2019/04,397.0
136,6207046224,2019/05,394.0
137,6207046224,2019/06,260.0
138,6207046224,2019/07,467.0
139,6207046224,2019/08,378.0
140,6207046224,2019/09,421.0
141,6207046224,2019/10,348.0
142,6207046224,2019/11,370.0
143,6207046224,2019/12,354.0
144,6207046224,2020/01,512.0
145,6207046224,2020/02,440.0
146,6207046224,2020/03,475.0
147,6207046224,2020/04,448.0
148,6207046224,2020/05,211.0
149,6207046224,2020/06,135.0
150,6207046224,2020/07,249.0
151,6207046224,2020/08,263.0
152,6207046224,2020/09,247.0
153,6207046224,2020/10,209.0
154,6207046224,2020/11,220.0
155,6207046224,2020/12,165.0
156,6207046224,2021/01,339.0
157,6207046224,2021/02,145.0
158,6207046224,2021/03,204.0
159,6207046224,2021/04,189.0
160,6207046224,2021/05,204.0
161,6207046224,2021/06,310.0
162,6207046224,2021/07,378.0
163,6207046224,2021/08,324.0
164,6207046224,2021/09,237.0
165,6207046224,2021/10,133.0
166,6207046224,2021/11,86.0
167,6207046224,2021/12,197.0
168,6207046224,2022/01,183.0
169,6207046224,2022/02,217.0
170,6207046224,2022/03,196.0
171,6207046224,2022/04,211.0
172,6207046224,2022/05,183.0
173,6207046224,2022/06,151.0
174,6207046224,2022/07,158.0
175,6207046224,2022/08,225.0
0,6207046223,2008/01,0.0
1,6207046223,2008/02,0.0
2,6207046223,2008/03,0.0
3,6207046223,2008/04,0.0
4,6207046223,2008/05,0.0
5,6207046223,2008/06,482.0
6,6207046223,2008/07,930.0
7,6207046223,2008/08,3091.0
8,6207046223,2008/09,3102.0
9,6207046223,2008/10,3097.0
10,6207046223,2008/11,3216.0
11,6207046223,2008/12,3136.0
12,6207046223,2009/01,2458.0
13,6207046223,2009/02,1609.0
14,6207046223,2009/03,1539.0
15,6207046223,2009/04,3354.0
16,6207046223,2009/05,4890.0
17,6207046223,2009/06,4852.0
18,6207046223,2009/07,4465.0
19,6207046223,2009/08,2960.0
20,6207046223,2009/09,3771.0
21,6207046223,2009/10,4078.0
22,6207046223,2009/11,4282.0
23,6207046223,2009/12,4156.0
24,6207046223,2010/01,4826.0
25,6207046223,2010/02,4109.0
26,6207046223,2010/03,4123.0
27,6207046223,2010/04,5013.0
28,6207046223,2010/05,5276.0
29,6207046223,2010/06,5283.0
30,6207046223,2010/07,5522.0
31,6207046223,2010/08,5032.0
32,6207046223,2010/09,4171.0
33,6207046223,2010/10,4840.0
34,6207046223,2010/11,4801.0
35,6207046223,2010/12,5292.0
36,6207046223,2011/01,3796.0
37,6207046223,2011/02,3679.0
38,6207046223,2011/03,5863.0
39,6207046223,2011/04,7177.0
40,6207046223,2011/05,5148.0
41,6207046223,2011/06,4991.0
42,6207046223,2011/07,4776.0
43,6207046223,2011/08,3954.0
44,6207046223,2011/09,3181.0
45,6207046223,2011/10,3160.0
46,6207046223,2011/11,2663.0
47,6207046223,2011/12,3019.0
48,6207046223,2012/01,3007.0
49,6207046223,2012/02,2950.0
50,6207046223,2012/03,2492.0
51,6207046223,2012/04,2925.0
52,6207046223,2012/05,2728.0
53,6207046223,2012/06,2897.0
54,6207046223,2012/07,3171.0
55,6207046223,2012/08,2629.0
56,6207046223,2012/09,2590.0
57,6207046223,2012/10,4655.0
58,6207046223,2012/11,5207.0
59,6207046223,2012/12,3607.0
60,6207046223,2013/01,5724.0
61,6207046223,2013/02,5180.0
62,6207046223,2013/03,6210.0
63,6207046223,2013/04,4904.0
64,6207046223,2013/05,4683.0
65,6207046223,2013/06,4313.0
66,6207046223,2013/07,5660.0
67,6207046223,2013/08,4822.0
68,6207046223,2013/09,5836.0
69,6207046223,2013/10,5204.0
70,6207046223,2013/11,5342.0
71,6207046223,2013/12,5840.0
72,6207046223,2014/01,5735.0
73,6207046223,2014/02,3775.0
74,6207046223,2014/03,3444.0
75,6207046223,2014/04,3869.0
76,6207046223,2014/05,3608.0
77,6207046223,2014/06,3551.0
78,6207046223,2014/07,3442.0
79,6207046223,2014/08,3689.0
80,6207046223,2014/09,4080.0
81,6207046223,2014/10,3523.0
82,6207046223,2014/11,3261.0
83,6207046223,2014/12,3704.0
84,6207046223,2015/01,3918.0
85,6207046223,2015/02,4130.0
86,6207046223,2015/03,4065.0
87,6207046223,2015/04,4023.0
88,6207046223,2015/05,4264.0
89,6207046223,2015/06,4121.0
90,6207046223,2015/07,3692.0
91,6207046223,2015/08,4023.0
92,6207046223,2015/09,2894.0
93,6207046223,2015/10,4542.0
94,6207046223,2015/11,4175.0
95,6207046223,2015/12,3450.0
96,6207046223,2016/01,3953.0
97,6207046223,2016/02,2841.0
98,6207046223,2016/03,3123.0
99,6207046223,2016/04,2616.0
100,6207046223,2016/05,2824.0
101,6207046223,2016/06,2360.0
102,6207046223,2016/07,3017.0
103,6207046223,2016/08,2781.0
104,6207046223,2016/09,3956.0
105,6207046223,2016/10,3332.0
106,6207046223,2016/11,2753.0
107,6207046223,2016/12,2152.0
108,6207046223,2017/01,2235.0
109,6207046223,2017/02,2378.0
110,6207046223,2017/03,3006.0
111,6207046223,2017/04,3079.0
112,6207046223,2017/05,4193.0
113,6207046223,2017/06,3906.0
114,6207046223,2017/07,3316.0
115,6207046223,2017/08,3085.0
116,6207046223,2017/09,3290.0
117,6207046223,2017/10,4123.0
118,6207046223,2017/11,2823.0
119,6207046223,2017/12,2792.0
120,6207046223,2018/01,4511.0
121,6207046223,2018/02,3990.0
122,6207046223,2018/03,3618.0
123,6207046223,2018/04,3472.0
124,6207046223,2018/05,2549.0
125,6207046223,2018/06,2369.0
126,6207046223,2018/07,1837.0
127,6207046223,2018/08,2369.0
128,6207046223,2018/09,1421.0
129,6207046223,2018/10,1521.0
130,6207046223,2018/11,2022.0
131,6207046223,2018/12,2724.0
132,6207046223,2019/01,3762.0
133,6207046223,2019/02,2832.0
134,6207046223,2019/03,4416.0
135,6207046223,2019/04,2591.0
136,6207046223,2019/05,2065.0
137,6207046223,2019/06,1370.0
138,6207046223,2019/07,2223.0
139,6207046223,2019/08,2153.0
140,6207046223,2019/09,1887.0
141,6207046223,2019/10,1383.0
142,6207046223,2019/11,2675.0
143,6207046223,2019/12,3103.0
144,6207046223,2020/01,4843.0
145,6207046223,2020/02,3375.0
146,6207046223,2020/03,3973.0
147,6207046223,2020/04,3404.0
148,6207046223,2020/05,1935.0
149,6207046223,2020/06,944.0
150,6207046223,2020/07,1599.0
151,6207046223,2020/08,1862.0
152,6207046223,2020/09,1366.0
153,6207046223,2020/10,1252.0
154,6207046223,2020/11,1232.0
155,6207046223,2020/12,1303.0
156,6207046223,2021/01,2770.0
157,6207046223,2021/02,1869.0
158,6207046223,2021/03,2283.0
159,6207046223,2021/04,2262.0
160,6207046223,2021/05,2333.0
161,6207046223,2021/06,2747.0
162,6207046223,2021/07,2533.0
163,6207046223,2021/08,1949.0
164,6207046223,2021/09,1424.0
165,6207046223,2021/10,1173.0
166,6207046223,2021/11,804.0
167,6207046223,2021/12,1182.0
168,6207046223,2022/01,1160.0
169,6207046223,2022/02,1394.0
170,6207046223,2022/03,1410.0
171,6207046223,2022/04,1222.0
172,6207046223,2022/05,1265.0
173,6207046223,2022/06,1373.0
174,6207046223,2022/07,1091.0
175,6207046223,2022/08,1427.0
